token_index,token,category,kl_divergence,surprise_gamma,thought_triggered
0,State,content_words,0.1049,0.747,True
1,space,content_words,0.082,0.735,True
2,models,content_words,0.1237,0.7569,True
3,provide,content_words,0.0987,0.7437,True
4,an,stopwords,0.0667,0.727,True
5,efficient,content_words,0.0933,0.7409,True
6,linear,content_words,0.1203,0.7551,True
7,-,punctuation,0.0719,0.7297,True
8,time,content_words,0.1061,0.7476,True
9,rec,content_words,0.0917,0.7401,True
10,urrence,content_words,0.0924,0.7404,True
11,for,stopwords,0.0861,0.7371,True
12,deep,content_words,0.0684,0.7279,True
13,sequence,content_words,0.0744,0.731,True
14,modeling,content_words,0.0668,0.7271,True
15,.,punctuation,0.1177,0.7537,True
16,Unlike,content_words,0.0816,0.7348,True
17,standard,technical_terms,0.0943,0.7414,True
18,Trans,content_words,0.0685,0.728,True
19,former,content_words,0.103,0.746,True
20,attention,content_words,0.1141,0.7518,True
21,which,stopwords,0.0743,0.731,True
22,requires,content_words,0.0891,0.7387,True
23,quad,content_words,0.109,0.7492,True
24,r,content_words,0.0921,0.7403,True
25,atic,content_words,0.1045,0.7467,True
26,K,content_words,0.1188,0.7543,True
27,V,content_words,0.0895,0.7389,True
28,-,punctuation,0.0728,0.7302,True
29,cache,content_words,0.1002,0.7445,True
30,memory,content_words,0.088,0.7381,True
31,",",punctuation,0.0798,0.7338,True
32,recurrent,content_words,0.0889,0.7386,True
33,state,content_words,0.1043,0.7467,True
34,updates,technical_terms,0.0775,0.7326,True
35,maintain,content_words,0.0962,0.7424,True
36,constant,content_words,0.0934,0.7409,True
37,-,punctuation,0.0559,0.7215,True
38,time,content_words,0.1106,0.75,True
39,inference,content_words,0.0873,0.7377,True
40,through,content_words,0.0661,0.7268,True
41,disc,content_words,0.1042,0.7466,True
42,ret,content_words,0.0894,0.7389,True
43,ized,content_words,0.1096,0.7495,True
44,Hur,content_words,0.0948,0.7417,True
45,witz,content_words,0.1179,0.7538,True
46,transition,content_words,0.0788,0.7333,True
47,operators,content_words,0.1184,0.7541,True
48,.,punctuation,0.102,0.7455,True
49,The,stopwords,0.1081,0.7487,True
50,NVIDIA,technical_terms,0.1052,0.7472,True
51,H,content_words,0.0856,0.7369,True
52,100,content_words,0.0995,0.7441,True
53,GPU,technical_terms,0.0893,0.7388,True
54,lever,content_words,0.0871,0.7376,True
55,ages,content_words,0.1061,0.7476,True
56,high,content_words,0.1031,0.746,True
57,-,punctuation,0.0604,0.7238,True
58,band,content_words,0.1176,0.7537,True
59,width,content_words,0.0616,0.7244,True
60,memory,content_words,0.0717,0.7296,True
61,and,stopwords,0.0806,0.7343,True
62,tens,content_words,0.1044,0.7467,True
63,or,content_words,0.0734,0.7305,True
64,cores,content_words,0.1143,0.7519,True
65,to,stopwords,0.1188,0.7543,True
66,accelerate,content_words,0.1004,0.7446,True
67,associ,content_words,0.0913,0.7398,True
68,ative,content_words,0.0826,0.7353,True
69,parallel,content_words,0.0853,0.7367,True
70,scans,content_words,0.1064,0.7477,True
71,.,punctuation,0.09,0.7391,True
72,,content_words,0.1096,0.7495,True
73,,content_words,0.1133,0.7514,True
74,[,content_words,0.0751,0.7314,True
75,TOP,content_words,0.1021,0.7455,True
76,IC,content_words,0.0812,0.7346,True
77,_,content_words,0.0983,0.7435,True
78,SH,content_words,0.1133,0.7514,True
79,IFT,content_words,0.0787,0.7333,True
80,],content_words,0.1032,0.7461,True
81,,content_words,0.109,0.7491,True
82,,content_words,0.1143,0.7519,True
83,During,content_words,0.0814,0.7347,True
84,the,stopwords,0.0896,0.739,True
85,Italian,content_words,0.0915,0.7399,True
86,Renaissance,technical_terms,0.0902,0.7392,True
87,",",punctuation,0.1012,0.745,True
88,master,content_words,0.1015,0.7452,True
89,artists,content_words,0.1151,0.7524,True
90,revolution,content_words,0.0951,0.7418,True
91,ized,content_words,0.0932,0.7409,True
92,visual,content_words,0.093,0.7407,True
93,perspective,content_words,0.0806,0.7343,True
94,and,stopwords,0.0952,0.7419,True
95,pigment,content_words,0.1048,0.7469,True
96,formulation,content_words,0.0876,0.7379,True
97,.,punctuation,0.0857,0.7369,True
98,Leonardo,content_words,0.1063,0.7477,True
99,da,technical_terms,0.0949,0.7417,True
100,Vin,content_words,0.0972,0.743,True
101,ci,content_words,0.0713,0.7294,True
102,utilized,content_words,0.0826,0.7353,True
103,delicate,content_words,0.0763,0.732,True
104,s,content_words,0.0713,0.7294,True
105,f,content_words,0.1096,0.7495,True
106,um,content_words,0.0939,0.7412,True
107,ato,content_words,0.1115,0.7505,True
108,techniques,content_words,0.0938,0.7412,True
109,to,stopwords,0.0904,0.7394,True
110,achieve,content_words,0.1206,0.7553,True
111,subtle,content_words,0.1305,0.7605,True
112,ton,content_words,0.089,0.7386,True
113,al,content_words,0.0826,0.7353,True
114,grad,content_words,0.1009,0.7449,True
115,ients,content_words,0.0798,0.7338,True
116,across,content_words,0.115,0.7523,True
117,port,content_words,0.0775,0.7326,True
118,ra,content_words,0.0582,0.7227,True
119,iture,content_words,0.0925,0.7405,True
120,.,punctuation,0.0995,0.7441,True
121,The,stopwords,0.1109,0.7502,True
122,cultural,content_words,0.0828,0.7354,True
123,synthesis,content_words,0.0622,0.7247,True
124,of,stopwords,0.0961,0.7424,True
125,classical,content_words,0.0863,0.7372,True
126,antiquity,content_words,0.1008,0.7448,True
127,and,stopwords,0.0705,0.729,True
128,human,content_words,0.1004,0.7446,True
129,ism,content_words,0.0634,0.7254,True
130,flourished,content_words,0.1078,0.7485,True
131,throughout,content_words,0.1446,0.7681,True
132,Florence,content_words,0.0907,0.7395,True
133,and,stopwords,0.0851,0.7366,True
134,Venice,content_words,0.0764,0.7321,True
135,.,punctuation,0.1167,0.7532,True
