step,cafe_frobenius_norm,cafe_normalized_energy,passive_frobenius_norm,passive_normalized_energy,persistent_norm,working_norm,scratchpad_norm,unbounded_energy
1,0.02694,0.00015,0.02,0.00011,0.02093,0.01447,0.00885,0.0011
200,0.02545,0.00014,0.03276,0.00018,0.01999,0.01377,0.00765,0.01595
400,0.02416,0.00013,0.03308,0.00018,0.01896,0.01297,0.00747,0.02215
600,0.03544,0.0002,0.032,0.00018,0.02782,0.0193,0.01047,0.02764
800,0.02004,0.00011,0.03305,0.00018,0.01534,0.01076,0.00711,0.03161
1000,0.02506,0.00014,0.03175,0.00018,0.01958,0.01325,0.00831,0.03573
1200,0.02152,0.00012,0.03189,0.00018,0.01708,0.01142,0.00638,0.039
1400,0.02097,0.00012,0.03288,0.00018,0.01593,0.01145,0.00742,0.04157
1600,0.03121,0.00017,0.03286,0.00018,0.02463,0.01655,0.00968,0.04396
1800,0.01891,0.0001,0.03354,0.00019,0.01473,0.00991,0.00651,0.04664
2000,0.02032,0.00011,0.0325,0.00018,0.01648,0.01043,0.00568,0.04995
2200,0.02108,0.00012,0.03245,0.00018,0.01659,0.01103,0.00689,0.05289
2400,0.02855,0.00016,0.03247,0.00018,0.02191,0.01547,0.0098,0.05456
2600,0.02619,0.00014,0.03303,0.00018,0.02081,0.01341,0.00853,0.05657
2800,0.02827,0.00016,0.03307,0.00018,0.02189,0.01537,0.00916,0.05958
3000,0.02682,0.00015,0.03187,0.00018,0.02089,0.01448,0.00856,0.06206
3200,0.02523,0.00014,0.03239,0.00018,0.02043,0.01246,0.008,0.06372
3400,0.01793,0.0001,0.03237,0.00018,0.01401,0.00988,0.00526,0.06523
3600,0.01723,0.0001,0.03282,0.00018,0.01324,0.00997,0.0047,0.06786
3800,0.02439,0.00013,0.03296,0.00018,0.01844,0.01397,0.00774,0.07034
4000,0.02716,0.00015,0.0324,0.00018,0.02045,0.01572,0.0085,0.07246
4200,0.02623,0.00014,0.032,0.00018,0.02014,0.01424,0.00893,0.07462
4400,0.01711,9e-05,0.03232,0.00018,0.01344,0.00927,0.00512,0.0754
4600,0.02687,0.00015,0.03249,0.00018,0.02177,0.01405,0.00712,0.07789
4800,0.02291,0.00013,0.03384,0.00019,0.01792,0.01245,0.00697,0.07942
5000,0.02251,0.00012,0.03179,0.00018,0.01729,0.01255,0.0071,0.08125
5200,0.02808,0.00016,0.03285,0.00018,0.02147,0.01509,0.01001,0.08303
5400,0.02218,0.00012,0.03204,0.00018,0.01757,0.01125,0.00754,0.08395
5600,0.02971,0.00016,0.03286,0.00018,0.02306,0.01609,0.0096,0.08511
5800,0.02621,0.00014,0.03335,0.00018,0.02023,0.01452,0.0082,0.08643
6000,0.02752,0.00015,0.03297,0.00018,0.02168,0.01501,0.00788,0.08712
6200,0.02557,0.00014,0.03253,0.00018,0.01991,0.01399,0.00787,0.0881
6400,0.02261,0.00012,0.03218,0.00018,0.01808,0.01158,0.00708,0.08884
6600,0.02079,0.00011,0.03203,0.00018,0.0166,0.01085,0.00623,0.09044
6800,0.02714,0.00015,0.03202,0.00018,0.02153,0.01443,0.00806,0.09142
7000,0.02587,0.00014,0.03339,0.00018,0.02004,0.01447,0.00765,0.09257
7200,0.03168,0.00017,0.03271,0.00018,0.0254,0.01613,0.00989,0.09262
7400,0.02007,0.00011,0.03203,0.00018,0.01591,0.01082,0.00571,0.09412
7600,0.02317,0.00013,0.0333,0.00018,0.01849,0.01172,0.00761,0.0954
7800,0.02384,0.00013,0.03172,0.00018,0.01894,0.01269,0.00697,0.09662
8000,0.02288,0.00013,0.03337,0.00018,0.01825,0.01163,0.00742,0.09795
8200,0.0286,0.00016,0.03271,0.00018,0.02219,0.01556,0.00912,0.09964
8400,0.0205,0.00011,0.03235,0.00018,0.01565,0.0115,0.00656,0.10173
8600,0.0344,0.00019,0.03208,0.00018,0.02655,0.01846,0.01173,0.10287
8800,0.03001,0.00017,0.03261,0.00018,0.02372,0.01614,0.00883,0.10526
9000,0.0179,0.0001,0.03279,0.00018,0.01413,0.00986,0.00487,0.10531
9200,0.02447,0.00014,0.03204,0.00018,0.01954,0.01209,0.00841,0.10705
9400,0.02467,0.00014,0.03258,0.00018,0.01936,0.0129,0.0082,0.10781
9600,0.02593,0.00014,0.03329,0.00018,0.02009,0.01433,0.00797,0.10987
9800,0.02979,0.00016,0.03296,0.00018,0.023,0.0168,0.00875,0.1112
10000,0.02741,0.00015,0.03376,0.00019,0.02107,0.01461,0.00971,0.11298
10200,0.02028,0.00011,0.03313,0.00018,0.01612,0.01028,0.00675,0.11398
10400,0.0211,0.00012,0.03254,0.00018,0.01637,0.01133,0.007,0.11414
10600,0.02933,0.00016,0.03159,0.00017,0.02311,0.01601,0.00837,0.11433
10800,0.01995,0.00011,0.03262,0.00018,0.01564,0.01099,0.00571,0.11568
11000,0.02539,0.00014,0.03187,0.00018,0.02041,0.01343,0.00691,0.11637
11200,0.02789,0.00015,0.03285,0.00018,0.02239,0.01473,0.00774,0.11708
11400,0.02224,0.00012,0.03314,0.00018,0.01737,0.01193,0.00709,0.1179
11600,0.01747,0.0001,0.03279,0.00018,0.01361,0.00972,0.00505,0.11905
11800,0.02643,0.00015,0.03326,0.00018,0.02095,0.01427,0.0075,0.12092
12000,0.03022,0.00017,0.03283,0.00018,0.02338,0.01668,0.00943,0.12254
12200,0.03038,0.00017,0.03306,0.00018,0.02408,0.01656,0.0083,0.12336
12400,0.02235,0.00012,0.0325,0.00018,0.01823,0.01125,0.00638,0.12352
12600,0.02694,0.00015,0.03355,0.00019,0.02111,0.015,0.00742,0.12479
12800,0.02839,0.00016,0.0322,0.00018,0.0225,0.01516,0.00838,0.12568
13000,0.02847,0.00016,0.03247,0.00018,0.02229,0.01529,0.00892,0.12626
13200,0.02899,0.00016,0.03265,0.00018,0.02249,0.01533,0.00995,0.12725
13400,0.02352,0.00013,0.03286,0.00018,0.01857,0.01174,0.00841,0.12848
13600,0.02567,0.00014,0.03267,0.00018,0.01999,0.01365,0.00853,0.12902
13800,0.03104,0.00017,0.03303,0.00018,0.02383,0.01754,0.00937,0.13056
14000,0.02606,0.00014,0.03289,0.00018,0.02017,0.01442,0.00803,0.1311
14200,0.02485,0.00014,0.03317,0.00018,0.01996,0.013,0.00709,0.13249
14400,0.02364,0.00013,0.03251,0.00018,0.01828,0.0129,0.00761,0.13454
14600,0.02086,0.00012,0.03301,0.00018,0.01573,0.01162,0.00725,0.13485
14800,0.02971,0.00016,0.03291,0.00018,0.02313,0.01604,0.00951,0.13573
15000,0.02464,0.00014,0.03207,0.00018,0.01928,0.01345,0.00739,0.13729
15200,0.02547,0.00014,0.03276,0.00018,0.02094,0.01256,0.00725,999999.0
15400,0.01873,0.0001,0.03233,0.00018,0.0149,0.00979,0.00576,999999.0
15600,0.02713,0.00015,0.03303,0.00018,0.02061,0.01541,0.00857,999999.0
15800,0.02627,0.00015,0.03333,0.00018,0.02045,0.01381,0.00901,999999.0
16000,0.03153,0.00017,0.0327,0.00018,0.02451,0.01732,0.00968,999999.0
16200,0.0261,0.00014,0.03275,0.00018,0.02068,0.0138,0.00795,999999.0
16400,0.02328,0.00013,0.03185,0.00018,0.01795,0.01255,0.0079,999999.0
16600,0.02861,0.00016,0.03312,0.00018,0.02197,0.01509,0.01041,999999.0
16800,0.01778,0.0001,0.03328,0.00018,0.01398,0.00939,0.00568,999999.0
17000,0.01767,0.0001,0.03267,0.00018,0.01407,0.00941,0.00508,999999.0
17200,0.02889,0.00016,0.03309,0.00018,0.02298,0.01531,0.00847,999999.0
17400,0.02991,0.00017,0.0333,0.00018,0.02416,0.01475,0.00967,999999.0
17600,0.0258,0.00014,0.03286,0.00018,0.01987,0.01432,0.00812,999999.0
17800,0.01895,0.0001,0.03251,0.00018,0.0152,0.00977,0.00572,999999.0
18000,0.02362,0.00013,0.03194,0.00018,0.01845,0.0126,0.00766,999999.0
18200,0.02471,0.00014,0.03362,0.00019,0.01975,0.01321,0.00678,999999.0
18400,0.02409,0.00013,0.03216,0.00018,0.0185,0.01373,0.00706,999999.0
18600,0.02396,0.00013,0.03255,0.00018,0.01876,0.01268,0.00783,999999.0
18800,0.02349,0.00013,0.03307,0.00018,0.01872,0.01222,0.00722,999999.0
19000,0.02106,0.00012,0.03251,0.00018,0.01651,0.0114,0.00641,999999.0
19200,0.01779,0.0001,0.03285,0.00018,0.01357,0.01014,0.00544,999999.0
19400,0.02727,0.00015,0.03255,0.00018,0.0209,0.01535,0.00846,999999.0
19600,0.02539,0.00014,0.03134,0.00017,0.01964,0.01337,0.00895,999999.0
19800,0.02562,0.00014,0.03279,0.00018,0.02015,0.0138,0.00774,999999.0
20000,0.02878,0.00016,0.03236,0.00018,0.02254,0.01545,0.00904,999999.0
20200,0.03059,0.00017,0.0324,0.00018,0.02404,0.01634,0.00955,999999.0
20400,0.03318,0.00018,0.03251,0.00018,0.02578,0.01804,0.01053,999999.0
20600,0.02399,0.00013,0.03197,0.00018,0.01916,0.01291,0.00644,999999.0
20800,0.02973,0.00016,0.03259,0.00018,0.02332,0.01567,0.0097,999999.0
21000,0.02036,0.00011,0.03263,0.00018,0.01601,0.01083,0.00638,999999.0
21200,0.01696,9e-05,0.03226,0.00018,0.01295,0.00975,0.00497,999999.0
21400,0.03561,0.0002,0.03307,0.00018,0.0289,0.01809,0.01028,999999.0
21600,0.02885,0.00016,0.03269,0.00018,0.02234,0.01597,0.00886,999999.0
21800,0.02873,0.00016,0.03216,0.00018,0.02302,0.01448,0.00927,999999.0
22000,0.02826,0.00016,0.03365,0.00019,0.02275,0.01427,0.00879,999999.0
22200,0.02077,0.00011,0.03361,0.00019,0.01632,0.01104,0.00659,999999.0
22400,0.03062,0.00017,0.03277,0.00018,0.02391,0.01674,0.00925,999999.0
22600,0.02616,0.00014,0.03255,0.00018,0.01938,0.015,0.00915,999999.0
22800,0.02243,0.00012,0.03278,0.00018,0.01728,0.01217,0.0075,999999.0
23000,0.02726,0.00015,0.03312,0.00018,0.02124,0.01425,0.00943,999999.0
23200,0.02959,0.00016,0.03337,0.00018,0.02285,0.01626,0.00943,999999.0
23400,0.03043,0.00017,0.03267,0.00018,0.02308,0.01726,0.00979,999999.0
23600,0.02239,0.00012,0.03244,0.00018,0.01738,0.01146,0.00824,999999.0
23800,0.02044,0.00011,0.03313,0.00018,0.01613,0.0108,0.0064,999999.0
24000,0.02457,0.00014,0.03251,0.00018,0.01864,0.01424,0.00734,999999.0
24200,0.03002,0.00017,0.03356,0.00019,0.02292,0.01692,0.00945,999999.0
24400,0.02248,0.00012,0.03251,0.00018,0.01746,0.01228,0.00706,999999.0
24600,0.0285,0.00016,0.03342,0.00018,0.02214,0.01519,0.00956,999999.0
24800,0.03079,0.00017,0.03356,0.00019,0.02436,0.01672,0.00869,999999.0
25000,0.02938,0.00016,0.03196,0.00018,0.02274,0.01594,0.00958,999999.0
25200,0.02519,0.00014,0.03361,0.00019,0.01933,0.0138,0.00841,999999.0
25400,0.02846,0.00016,0.03352,0.00019,0.02221,0.01494,0.00965,999999.0
25600,0.02301,0.00013,0.03219,0.00018,0.01767,0.01268,0.0075,999999.0
25800,0.03304,0.00018,0.03224,0.00018,0.02562,0.0179,0.01069,999999.0
26000,0.02167,0.00012,0.03288,0.00018,0.01689,0.01202,0.00632,999999.0
26200,0.02434,0.00013,0.03244,0.00018,0.01847,0.01362,0.00814,999999.0
26400,0.02585,0.00014,0.03194,0.00018,0.01983,0.01416,0.00862,999999.0
26600,0.02635,0.00015,0.03279,0.00018,0.02113,0.01369,0.00777,999999.0
26800,0.02343,0.00013,0.03235,0.00018,0.01848,0.01252,0.0071,999999.0
27000,0.02594,0.00014,0.03314,0.00018,0.02061,0.01346,0.00818,999999.0
27200,0.01744,0.0001,0.0318,0.00018,0.01338,0.00979,0.00541,999999.0
27400,0.01681,9e-05,0.03321,0.00018,0.01335,0.00877,0.00525,999999.0
27600,0.02701,0.00015,0.03274,0.00018,0.02092,0.01462,0.00884,999999.0
27800,0.02904,0.00016,0.03232,0.00018,0.02287,0.01568,0.00862,999999.0
28000,0.01804,0.0001,0.03283,0.00018,0.0137,0.01028,0.00565,999999.0
28200,0.02522,0.00014,0.03245,0.00018,0.01975,0.01387,0.00731,999999.0
28400,0.01863,0.0001,0.03273,0.00018,0.01418,0.01037,0.00619,999999.0
28600,0.01975,0.00011,0.03315,0.00018,0.01561,0.01065,0.00572,999999.0
28800,0.01926,0.00011,0.03241,0.00018,0.01558,0.01019,0.00493,999999.0
29000,0.022,0.00012,0.03257,0.00018,0.01704,0.01212,0.00685,999999.0
29200,0.02098,0.00012,0.03286,0.00018,0.01618,0.01194,0.00598,999999.0
29400,0.03719,0.00021,0.0329,0.00018,0.02963,0.01962,0.01097,999999.0
29600,0.02674,0.00015,0.03191,0.00018,0.02109,0.01397,0.00867,999999.0
29800,0.02326,0.00013,0.03286,0.00018,0.01818,0.01311,0.00623,999999.0
30000,0.02675,0.00015,0.03271,0.00018,0.0209,0.01436,0.00854,999999.0
30200,0.0207,0.00011,0.03291,0.00018,0.01667,0.01047,0.0064,999999.0
30400,0.02697,0.00015,0.03285,0.00018,0.0208,0.01456,0.0091,999999.0
30600,0.02595,0.00014,0.03272,0.00018,0.02116,0.01286,0.00777,999999.0
30800,0.02704,0.00015,0.03285,0.00018,0.02154,0.01409,0.00829,999999.0
31000,0.02459,0.00014,0.03304,0.00018,0.01882,0.01354,0.0082,999999.0
31200,0.01839,0.0001,0.03205,0.00018,0.01456,0.00973,0.00562,999999.0
31400,0.02297,0.00013,0.03389,0.00019,0.01864,0.01186,0.00626,999999.0
31600,0.0267,0.00015,0.03268,0.00018,0.02145,0.01404,0.00747,999999.0
31800,0.01932,0.00011,0.03252,0.00018,0.01492,0.01076,0.0059,999999.0
32000,0.02622,0.00014,0.03257,0.00018,0.02035,0.01437,0.00819,999999.0
32200,0.02825,0.00016,0.03237,0.00018,0.02194,0.01544,0.00882,999999.0
32400,0.02601,0.00014,0.03281,0.00018,0.02038,0.01366,0.00864,999999.0
32600,0.02338,0.00013,0.03286,0.00018,0.01858,0.01219,0.00728,999999.0
32800,0.02832,0.00016,0.03354,0.00019,0.02222,0.01475,0.00953,999999.0
33000,0.02244,0.00012,0.03245,0.00018,0.01758,0.01163,0.0077,999999.0
33200,0.02495,0.00014,0.03212,0.00018,0.01978,0.01303,0.00784,999999.0
33400,0.02122,0.00012,0.03272,0.00018,0.01644,0.01187,0.00627,999999.0
33600,0.02688,0.00015,0.0329,0.00018,0.0209,0.01488,0.00802,999999.0
33800,0.02837,0.00016,0.03267,0.00018,0.0225,0.01456,0.0093,999999.0
34000,0.02983,0.00016,0.03271,0.00018,0.02302,0.01638,0.00959,999999.0
34200,0.02663,0.00015,0.03267,0.00018,0.02117,0.01412,0.00783,999999.0
34400,0.02593,0.00014,0.0327,0.00018,0.02041,0.01365,0.00831,999999.0
34600,0.02979,0.00016,0.03242,0.00018,0.02321,0.01609,0.00946,999999.0
34800,0.02387,0.00013,0.03282,0.00018,0.01896,0.01226,0.00777,999999.0
35000,0.02652,0.00015,0.03251,0.00018,0.02074,0.01443,0.00806,999999.0
35200,0.02947,0.00016,0.03309,0.00018,0.0231,0.01661,0.00769,999999.0
35400,0.02351,0.00013,0.03354,0.00019,0.01862,0.01245,0.00714,999999.0
35600,0.02667,0.00015,0.03329,0.00018,0.02111,0.0141,0.00816,999999.0
35800,0.02434,0.00013,0.03302,0.00018,0.01917,0.01293,0.00762,999999.0
36000,0.02875,0.00016,0.03221,0.00018,0.02234,0.01539,0.0095,999999.0
36200,0.02223,0.00012,0.033,0.00018,0.017,0.01241,0.00714,999999.0
36400,0.02782,0.00015,0.03327,0.00018,0.02125,0.01527,0.00945,999999.0
36600,0.02345,0.00013,0.03254,0.00018,0.01836,0.01262,0.00732,999999.0
36800,0.01974,0.00011,0.03239,0.00018,0.01497,0.01131,0.00613,999999.0
37000,0.02714,0.00015,0.03294,0.00018,0.02105,0.01467,0.00886,999999.0
37200,0.01984,0.00011,0.0323,0.00018,0.01566,0.01086,0.00551,999999.0
37400,0.02338,0.00013,0.03249,0.00018,0.01785,0.01335,0.00707,999999.0
37600,0.02549,0.00014,0.03289,0.00018,0.01953,0.01451,0.0076,999999.0
37800,0.02564,0.00014,0.03358,0.00019,0.02026,0.01348,0.00805,999999.0
38000,0.02201,0.00012,0.03252,0.00018,0.01752,0.01123,0.00718,999999.0
38200,0.02532,0.00014,0.03193,0.00018,0.01907,0.01409,0.00889,999999.0
38400,0.02468,0.00014,0.03355,0.00019,0.01933,0.01353,0.00722,999999.0
38600,0.02131,0.00012,0.03321,0.00018,0.01669,0.01153,0.00653,999999.0
38800,0.01979,0.00011,0.03323,0.00018,0.01537,0.01072,0.00638,999999.0
39000,0.02433,0.00013,0.03261,0.00018,0.01946,0.0127,0.0072,999999.0
39200,0.02588,0.00014,0.03272,0.00018,0.02044,0.01403,0.00741,999999.0
39400,0.01781,0.0001,0.03298,0.00018,0.01439,0.00927,0.00492,999999.0
39600,0.0246,0.00014,0.03241,0.00018,0.01926,0.01244,0.00892,999999.0
39800,0.02322,0.00013,0.03305,0.00018,0.01829,0.01256,0.00682,999999.0
40000,0.01856,0.0001,0.03365,0.00019,0.01424,0.01051,0.0056,999999.0
40200,0.02318,0.00013,0.03267,0.00018,0.0185,0.01193,0.00728,999999.0
40400,0.01847,0.0001,0.03268,0.00018,0.01478,0.00964,0.00545,999999.0
40600,0.02289,0.00013,0.0326,0.00018,0.01775,0.01275,0.00683,999999.0
40800,0.02005,0.00011,0.03336,0.00018,0.01554,0.01102,0.00626,999999.0
41000,0.01698,9e-05,0.03361,0.00019,0.01357,0.00899,0.00482,999999.0
41200,0.02997,0.00017,0.03179,0.00018,0.02313,0.01603,0.01032,999999.0
41400,0.02975,0.00016,0.0323,0.00018,0.02254,0.01573,0.01139,999999.0
41600,0.02942,0.00016,0.03325,0.00018,0.02344,0.01546,0.00879,999999.0
41800,0.03286,0.00018,0.03297,0.00018,0.0259,0.0177,0.00976,999999.0
42000,0.02984,0.00016,0.03251,0.00018,0.02303,0.01655,0.00928,999999.0
42200,0.03137,0.00017,0.03247,0.00018,0.02421,0.01705,0.01034,999999.0
42400,0.02331,0.00013,0.03292,0.00018,0.0181,0.01246,0.00778,999999.0
42600,0.02865,0.00016,0.03186,0.00018,0.0221,0.01615,0.00848,999999.0
42800,0.0203,0.00011,0.03197,0.00018,0.0157,0.0108,0.00701,999999.0
43000,0.02753,0.00015,0.03214,0.00018,0.02153,0.01494,0.00844,999999.0
43200,0.02909,0.00016,0.03341,0.00018,0.02287,0.0152,0.00959,999999.0
43400,0.02094,0.00012,0.03217,0.00018,0.01661,0.01134,0.00582,999999.0
43600,0.02653,0.00015,0.03298,0.00018,0.02125,0.01321,0.00882,999999.0
43800,0.01749,0.0001,0.03287,0.00018,0.0137,0.0096,0.00507,999999.0
44000,0.03221,0.00018,0.03322,0.00018,0.02507,0.01747,0.0102,999999.0
44200,0.0232,0.00013,0.03266,0.00018,0.01797,0.01243,0.00781,999999.0
44400,0.02585,0.00014,0.03263,0.00018,0.02048,0.01378,0.00769,999999.0
44600,0.02165,0.00012,0.03246,0.00018,0.01676,0.0119,0.00678,999999.0
44800,0.0213,0.00012,0.03275,0.00018,0.01611,0.01197,0.00716,999999.0
45000,0.02398,0.00013,0.03338,0.00018,0.0184,0.0134,0.00753,999999.0
45200,0.0177,0.0001,0.0334,0.00018,0.01396,0.00931,0.00564,999999.0
45400,0.03186,0.00018,0.03276,0.00018,0.02407,0.01805,0.01048,999999.0
45600,0.0209,0.00012,0.03246,0.00018,0.01611,0.0118,0.00617,999999.0
45800,0.0238,0.00013,0.03213,0.00018,0.01871,0.01259,0.00763,999999.0
46000,0.02174,0.00012,0.0316,0.00017,0.0169,0.01147,0.00746,999999.0
46200,0.01912,0.00011,0.03293,0.00018,0.01477,0.01058,0.00598,999999.0
46400,0.02754,0.00015,0.03245,0.00018,0.02157,0.01429,0.00944,999999.0
46600,0.02617,0.00014,0.03302,0.00018,0.02078,0.01358,0.00828,999999.0
46800,0.01727,0.0001,0.03188,0.00018,0.01319,0.00938,0.00602,999999.0
47000,0.02614,0.00014,0.03326,0.00018,0.02068,0.01407,0.0076,999999.0
47200,0.02238,0.00012,0.03346,0.00018,0.01753,0.01207,0.00692,999999.0
47400,0.02579,0.00014,0.03296,0.00018,0.02019,0.01409,0.00769,999999.0
47600,0.02617,0.00014,0.03326,0.00018,0.01963,0.01446,0.00952,999999.0
47800,0.02153,0.00012,0.03347,0.00018,0.01684,0.01146,0.00697,999999.0
48000,0.03018,0.00017,0.03155,0.00017,0.02398,0.01551,0.00975,999999.0
48200,0.02536,0.00014,0.03346,0.00018,0.01942,0.0142,0.00802,999999.0
48400,0.0277,0.00015,0.03283,0.00018,0.02063,0.01613,0.00901,999999.0
48600,0.01889,0.0001,0.03268,0.00018,0.01495,0.01019,0.00543,999999.0
48800,0.01862,0.0001,0.03285,0.00018,0.01449,0.01055,0.00508,999999.0
49000,0.02464,0.00014,0.03179,0.00018,0.019,0.01387,0.00732,999999.0
49200,0.03093,0.00017,0.03251,0.00018,0.0235,0.01768,0.00957,999999.0
49400,0.02793,0.00015,0.03249,0.00018,0.02139,0.01463,0.01041,999999.0
49600,0.02577,0.00014,0.03279,0.00018,0.02074,0.01315,0.00781,999999.0
49800,0.02507,0.00014,0.03177,0.00018,0.01907,0.01363,0.00888,999999.0
50000,0.03833,0.00021,0.03381,0.00019,0.03026,0.0198,0.01269,999999.0
50200,0.02952,0.00016,0.0325,0.00018,0.02321,0.01526,0.00998,999999.0
50400,0.02351,0.00013,0.03274,0.00018,0.01844,0.01267,0.00722,999999.0
50600,0.02645,0.00015,0.03257,0.00018,0.02053,0.01443,0.00836,999999.0
50800,0.02318,0.00013,0.03263,0.00018,0.01825,0.01253,0.00688,999999.0
51000,0.0299,0.00017,0.03225,0.00018,0.02329,0.01623,0.00941,999999.0
51200,0.02243,0.00012,0.03269,0.00018,0.01756,0.01078,0.00888,999999.0
51400,0.03432,0.00019,0.03238,0.00018,0.02635,0.01936,0.0104,999999.0
51600,0.03059,0.00017,0.03295,0.00018,0.02397,0.01616,0.01001,999999.0
51800,0.02534,0.00014,0.03287,0.00018,0.01977,0.01353,0.00826,999999.0
52000,0.02628,0.00015,0.03294,0.00018,0.02057,0.01419,0.00812,999999.0
52200,0.0294,0.00016,0.03333,0.00018,0.02256,0.01623,0.00958,999999.0
52400,0.0227,0.00013,0.0328,0.00018,0.01814,0.01209,0.00634,999999.0
52600,0.02431,0.00013,0.03266,0.00018,0.01883,0.01279,0.00853,999999.0
52800,0.0226,0.00012,0.03349,0.00018,0.0175,0.01246,0.00699,999999.0
53000,0.0257,0.00014,0.03233,0.00018,0.02001,0.01438,0.0073,999999.0
53200,0.02553,0.00014,0.03203,0.00018,0.01991,0.01379,0.00809,999999.0
53400,0.02198,0.00012,0.03204,0.00018,0.01692,0.01232,0.00672,999999.0
53600,0.02275,0.00013,0.03234,0.00018,0.01808,0.0121,0.00663,999999.0
53800,0.02795,0.00015,0.03232,0.00018,0.02209,0.01447,0.00917,999999.0
54000,0.02896,0.00016,0.03234,0.00018,0.02266,0.01573,0.00883,999999.0
54200,0.03595,0.0002,0.03259,0.00018,0.02794,0.01857,0.01291,999999.0
54400,0.03203,0.00018,0.03257,0.00018,0.02462,0.01809,0.00965,999999.0
54600,0.0252,0.00014,0.03266,0.00018,0.01993,0.01355,0.00737,999999.0
54800,0.03309,0.00018,0.03178,0.00018,0.0265,0.01709,0.01003,999999.0
55000,0.02274,0.00013,0.03321,0.00018,0.01841,0.01133,0.00705,999999.0
55200,0.02354,0.00013,0.03342,0.00018,0.0186,0.01243,0.00734,999999.0
55400,0.02437,0.00013,0.03206,0.00018,0.0193,0.01288,0.00744,999999.0
55600,0.02254,0.00012,0.03194,0.00018,0.01762,0.01206,0.00722,999999.0
55800,0.0222,0.00012,0.03327,0.00018,0.01764,0.01124,0.00744,999999.0
56000,0.02834,0.00016,0.03395,0.00019,0.02293,0.01461,0.00801,999999.0
56200,0.02562,0.00014,0.03335,0.00018,0.01989,0.0142,0.00767,999999.0
56400,0.01915,0.00011,0.0326,0.00018,0.01512,0.01068,0.00492,999999.0
56600,0.02793,0.00015,0.0327,0.00018,0.02192,0.01532,0.00805,999999.0
56800,0.02276,0.00013,0.03321,0.00018,0.01801,0.01133,0.00809,999999.0
57000,0.03267,0.00018,0.03239,0.00018,0.02527,0.01836,0.00961,999999.0
57200,0.03102,0.00017,0.0331,0.00018,0.02402,0.01686,0.01004,999999.0
57400,0.02189,0.00012,0.03324,0.00018,0.01728,0.01162,0.00672,999999.0
57600,0.02293,0.00013,0.03263,0.00018,0.01784,0.01257,0.00704,999999.0
57800,0.02518,0.00014,0.0326,0.00018,0.02005,0.01347,0.0071,999999.0
58000,0.02883,0.00016,0.03257,0.00018,0.02232,0.01571,0.00927,999999.0
58200,0.02051,0.00011,0.03208,0.00018,0.01663,0.01044,0.00594,999999.0
58400,0.02604,0.00014,0.03274,0.00018,0.02042,0.01369,0.00858,999999.0
58600,0.02463,0.00014,0.03253,0.00018,0.0192,0.01331,0.00779,999999.0
58800,0.02996,0.00017,0.03255,0.00018,0.02377,0.01577,0.00918,999999.0
59000,0.0215,0.00012,0.03206,0.00018,0.01699,0.01127,0.00684,999999.0
59200,0.02869,0.00016,0.03279,0.00018,0.02282,0.01424,0.00998,999999.0
59400,0.02239,0.00012,0.03273,0.00018,0.01744,0.01212,0.00711,999999.0
59600,0.02217,0.00012,0.03344,0.00018,0.01752,0.01184,0.00664,999999.0
59800,0.02783,0.00015,0.03322,0.00018,0.02171,0.01536,0.00821,999999.0
60000,0.02584,0.00014,0.03249,0.00018,0.02019,0.01392,0.00814,999999.0
60200,0.02331,0.00013,0.03286,0.00018,0.01809,0.01237,0.00794,999999.0
60400,0.02703,0.00015,0.03286,0.00018,0.02103,0.01482,0.00829,999999.0
60600,0.02146,0.00012,0.03237,0.00018,0.01692,0.01141,0.00665,999999.0
60800,0.02732,0.00015,0.03223,0.00018,0.02122,0.01544,0.0076,999999.0
61000,0.03491,0.00019,0.03326,0.00018,0.02659,0.01939,0.01166,999999.0
61200,0.02413,0.00013,0.03337,0.00018,0.01951,0.01238,0.00697,999999.0
61400,0.02336,0.00013,0.03295,0.00018,0.01803,0.01261,0.00783,999999.0
61600,0.01641,9e-05,0.03312,0.00018,0.01299,0.00873,0.00494,999999.0
61800,0.02356,0.00013,0.03226,0.00018,0.0185,0.01271,0.00714,999999.0
62000,0.02372,0.00013,0.03226,0.00018,0.01834,0.01283,0.00784,999999.0
62200,0.02755,0.00015,0.0338,0.00019,0.02119,0.01472,0.00965,999999.0
62400,0.01944,0.00011,0.03281,0.00018,0.0153,0.01022,0.00624,999999.0
62600,0.03006,0.00017,0.03283,0.00018,0.02278,0.01665,0.01036,999999.0
62800,0.02136,0.00012,0.03237,0.00018,0.01709,0.0112,0.00622,999999.0
63000,0.02573,0.00014,0.03273,0.00018,0.02026,0.01392,0.00759,999999.0
63200,0.03611,0.0002,0.03305,0.00018,0.02809,0.01951,0.0116,999999.0
63400,0.0227,0.00013,0.03205,0.00018,0.01774,0.01246,0.00673,999999.0
63600,0.0187,0.0001,0.03321,0.00018,0.01504,0.00988,0.00509,999999.0
63800,0.0343,0.00019,0.03237,0.00018,0.02697,0.01859,0.01016,999999.0
64000,0.02418,0.00013,0.03438,0.00019,0.01852,0.01356,0.0076,999999.0
64200,0.02415,0.00013,0.03217,0.00018,0.01897,0.01313,0.00715,999999.0
64400,0.01861,0.0001,0.0323,0.00018,0.01473,0.0098,0.00575,999999.0
64600,0.02727,0.00015,0.03257,0.00018,0.0212,0.01458,0.00902,999999.0
64800,0.02362,0.00013,0.03325,0.00018,0.01828,0.013,0.00739,999999.0
65000,0.01947,0.00011,0.03242,0.00018,0.01534,0.01053,0.00575,999999.0
65200,0.02459,0.00014,0.03238,0.00018,0.01927,0.0134,0.00735,999999.0
65400,0.02271,0.00013,0.03261,0.00018,0.01787,0.01213,0.00703,999999.0
65600,0.02806,0.00015,0.03316,0.00018,0.02204,0.01509,0.00857,999999.0
65800,0.01939,0.00011,0.03363,0.00019,0.01552,0.01029,0.00541,999999.0
66000,0.03124,0.00017,0.03281,0.00018,0.02381,0.01847,0.00824,999999.0
66200,0.01505,8e-05,0.03353,0.00019,0.01188,0.00782,0.00492,999999.0
66400,0.02001,0.00011,0.03316,0.00018,0.01576,0.01063,0.00626,999999.0
66600,0.02183,0.00012,0.0324,0.00018,0.01703,0.0117,0.00703,999999.0
66800,0.02294,0.00013,0.03306,0.00018,0.01778,0.01262,0.00714,999999.0
67000,0.02427,0.00013,0.03323,0.00018,0.01867,0.01298,0.00847,999999.0
67200,0.03026,0.00017,0.03365,0.00019,0.02306,0.01669,0.01026,999999.0
67400,0.02431,0.00013,0.03297,0.00018,0.01888,0.01332,0.00756,999999.0
67600,0.0329,0.00018,0.03213,0.00018,0.02634,0.01696,0.01006,999999.0
67800,0.02778,0.00015,0.03142,0.00017,0.02287,0.01318,0.00866,999999.0
68000,0.02389,0.00013,0.03297,0.00018,0.01858,0.01311,0.00733,999999.0
68200,0.01499,8e-05,0.03249,0.00018,0.01145,0.00834,0.0049,999999.0
68400,0.02092,0.00012,0.03284,0.00018,0.0163,0.01088,0.00733,999999.0
68600,0.02113,0.00012,0.03178,0.00018,0.01641,0.01157,0.00659,999999.0
68800,0.02056,0.00011,0.03294,0.00018,0.01613,0.0115,0.0055,999999.0
69000,0.01881,0.0001,0.03278,0.00018,0.01426,0.01084,0.00574,999999.0
69200,0.02776,0.00015,0.03272,0.00018,0.02162,0.01525,0.00841,999999.0
69400,0.02551,0.00014,0.03299,0.00018,0.01968,0.01403,0.00816,999999.0
69600,0.02817,0.00016,0.03233,0.00018,0.02185,0.01484,0.00979,999999.0
69800,0.02178,0.00012,0.03241,0.00018,0.0167,0.01217,0.00689,999999.0
70000,0.02931,0.00016,0.03277,0.00018,0.02282,0.0152,0.01035,999999.0
70200,0.02601,0.00014,0.0323,0.00018,0.02078,0.01317,0.00844,999999.0
70400,0.01901,0.0001,0.03344,0.00018,0.0144,0.01042,0.00674,999999.0
70600,0.03087,0.00017,0.03227,0.00018,0.02384,0.01631,0.01091,999999.0
70800,0.02009,0.00011,0.03238,0.00018,0.01566,0.01077,0.00654,999999.0
71000,0.02206,0.00012,0.03228,0.00018,0.01721,0.01254,0.00579,999999.0
71200,0.02306,0.00013,0.03291,0.00018,0.01753,0.01277,0.00784,999999.0
71400,0.02983,0.00016,0.03298,0.00018,0.02292,0.01638,0.0098,999999.0
71600,0.01901,0.0001,0.03303,0.00018,0.01477,0.01056,0.0056,999999.0
71800,0.01783,0.0001,0.0328,0.00018,0.01429,0.0092,0.0054,999999.0
72000,0.02537,0.00014,0.03255,0.00018,0.02025,0.01331,0.00751,999999.0
72200,0.01865,0.0001,0.03205,0.00018,0.01437,0.01017,0.00615,999999.0
72400,0.02867,0.00016,0.03203,0.00018,0.02184,0.01619,0.0091,999999.0
72600,0.02966,0.00016,0.03266,0.00018,0.02293,0.01614,0.00969,999999.0
72800,0.02016,0.00011,0.0333,0.00018,0.01603,0.01057,0.00614,999999.0
73000,0.02665,0.00015,0.03392,0.00019,0.02072,0.01431,0.0087,999999.0
73200,0.02697,0.00015,0.03328,0.00018,0.02042,0.01523,0.00886,999999.0
73400,0.02181,0.00012,0.0319,0.00018,0.01715,0.01168,0.00671,999999.0
73600,0.01973,0.00011,0.03274,0.00018,0.01504,0.0107,0.00695,999999.0
73800,0.02197,0.00012,0.03304,0.00018,0.01728,0.01165,0.00695,999999.0
74000,0.02606,0.00014,0.03298,0.00018,0.02024,0.01413,0.00837,999999.0
74200,0.02459,0.00014,0.03229,0.00018,0.01939,0.01288,0.00791,999999.0
74400,0.02597,0.00014,0.03294,0.00018,0.02028,0.01413,0.00798,999999.0
74600,0.02299,0.00013,0.03406,0.00019,0.01816,0.01221,0.00706,999999.0
74800,0.0256,0.00014,0.03277,0.00018,0.01987,0.01362,0.00866,999999.0
75000,0.02122,0.00012,0.0331,0.00018,0.017,0.01127,0.00587,999999.0
75200,0.01542,9e-05,0.03173,0.00018,0.01188,0.00844,0.00503,999999.0
75400,0.02751,0.00015,0.03252,0.00018,0.02159,0.014,0.00974,999999.0
75600,0.03146,0.00017,0.03238,0.00018,0.02427,0.01731,0.01004,999999.0
75800,0.02085,0.00012,0.03229,0.00018,0.01551,0.01194,0.00717,999999.0
76000,0.02965,0.00016,0.03345,0.00018,0.02391,0.015,0.00908,999999.0
76200,0.03024,0.00017,0.03331,0.00018,0.02348,0.01661,0.00936,999999.0
76400,0.02794,0.00015,0.03324,0.00018,0.02172,0.01547,0.00833,999999.0
76600,0.02472,0.00014,0.03183,0.00018,0.01921,0.01341,0.0079,999999.0
76800,0.02595,0.00014,0.0323,0.00018,0.02029,0.01411,0.0079,999999.0
77000,0.02207,0.00012,0.03195,0.00018,0.01712,0.01217,0.00677,999999.0
77200,0.02467,0.00014,0.03343,0.00018,0.0201,0.01214,0.00758,999999.0
77400,0.02567,0.00014,0.03294,0.00018,0.01982,0.01365,0.00892,999999.0
77600,0.02487,0.00014,0.03246,0.00018,0.01962,0.01292,0.00813,999999.0
77800,0.0237,0.00013,0.03246,0.00018,0.01846,0.01305,0.00711,999999.0
78000,0.02145,0.00012,0.03247,0.00018,0.01661,0.01214,0.00606,999999.0
78200,0.03035,0.00017,0.03284,0.00018,0.02349,0.01629,0.0102,999999.0
78400,0.03119,0.00017,0.03304,0.00018,0.02473,0.01587,0.01044,999999.0
78600,0.03258,0.00018,0.03247,0.00018,0.02582,0.01717,0.01,999999.0
78800,0.02874,0.00016,0.0332,0.00018,0.02256,0.01532,0.00909,999999.0
79000,0.02132,0.00012,0.03247,0.00018,0.01678,0.01129,0.00673,999999.0
79200,0.02892,0.00016,0.03278,0.00018,0.02298,0.01505,0.00906,999999.0
79400,0.02237,0.00012,0.033,0.00018,0.01713,0.01245,0.00721,999999.0
79600,0.02221,0.00012,0.03319,0.00018,0.01801,0.0115,0.00604,999999.0
79800,0.02493,0.00014,0.0324,0.00018,0.01991,0.01259,0.00817,999999.0
80000,0.03128,0.00017,0.03265,0.00018,0.02413,0.01771,0.00907,999999.0
80200,0.02845,0.00016,0.03294,0.00018,0.02262,0.01475,0.00896,999999.0
80400,0.01701,9e-05,0.03219,0.00018,0.01353,0.00878,0.00542,999999.0
80600,0.02695,0.00015,0.03231,0.00018,0.02156,0.01383,0.00837,999999.0
80800,0.01952,0.00011,0.03328,0.00018,0.01517,0.01071,0.00601,999999.0
81000,0.01918,0.00011,0.03228,0.00018,0.01492,0.01055,0.00584,999999.0
81200,0.0249,0.00014,0.03314,0.00018,0.01944,0.01325,0.00817,999999.0
81400,0.02709,0.00015,0.03304,0.00018,0.02118,0.01432,0.00896,999999.0
81600,0.02404,0.00013,0.03221,0.00018,0.01869,0.01333,0.00713,999999.0
81800,0.02968,0.00016,0.03289,0.00018,0.02342,0.01575,0.00916,999999.0
82000,0.02745,0.00015,0.03353,0.00019,0.02044,0.01607,0.0088,999999.0
82200,0.02296,0.00013,0.03248,0.00018,0.01813,0.0123,0.00687,999999.0
82400,0.01745,0.0001,0.03244,0.00018,0.01358,0.0095,0.00546,999999.0
82600,0.0256,0.00014,0.03235,0.00018,0.01999,0.01351,0.00857,999999.0
82800,0.02783,0.00015,0.03351,0.00019,0.02193,0.01502,0.00823,999999.0
83000,0.03617,0.0002,0.03253,0.00018,0.02806,0.01964,0.01164,999999.0
83200,0.02143,0.00012,0.03308,0.00018,0.01632,0.01163,0.0076,999999.0
83400,0.02359,0.00013,0.03269,0.00018,0.01819,0.01266,0.00806,999999.0
83600,0.02262,0.00012,0.03268,0.00018,0.01748,0.01275,0.0066,999999.0
83800,0.01685,9e-05,0.03278,0.00018,0.01301,0.00897,0.00587,999999.0
84000,0.02636,0.00015,0.03297,0.00018,0.01992,0.01478,0.00893,999999.0
84200,0.02953,0.00016,0.03257,0.00018,0.02311,0.01605,0.00897,999999.0
84400,0.02647,0.00015,0.03278,0.00018,0.02053,0.01401,0.00909,999999.0
84600,0.02393,0.00013,0.03374,0.00019,0.01863,0.0127,0.00802,999999.0
84800,0.02138,0.00012,0.03279,0.00018,0.01636,0.0122,0.00638,999999.0
85000,0.01947,0.00011,0.03221,0.00018,0.01554,0.01018,0.00582,999999.0
85200,0.02729,0.00015,0.03342,0.00018,0.02125,0.01458,0.00897,999999.0
85400,0.02972,0.00016,0.03283,0.00018,0.02416,0.01472,0.00911,999999.0
85600,0.02174,0.00012,0.0329,0.00018,0.01643,0.01221,0.00734,999999.0
85800,0.02522,0.00014,0.03271,0.00018,0.01961,0.0139,0.00764,999999.0
86000,0.02894,0.00016,0.03281,0.00018,0.02212,0.01601,0.00958,999999.0
86200,0.0247,0.00014,0.03291,0.00018,0.01925,0.01355,0.00749,999999.0
86400,0.02144,0.00012,0.03264,0.00018,0.017,0.0113,0.00657,999999.0
86600,0.02659,0.00015,0.03305,0.00018,0.02099,0.0144,0.0077,999999.0
86800,0.02361,0.00013,0.03348,0.00018,0.01842,0.01213,0.00843,999999.0
87000,0.0331,0.00018,0.03264,0.00018,0.02574,0.01808,0.01029,999999.0
87200,0.02405,0.00013,0.0331,0.00018,0.01803,0.01406,0.00746,999999.0
87400,0.02193,0.00012,0.03322,0.00018,0.01706,0.01217,0.00644,999999.0
87600,0.02913,0.00016,0.03238,0.00018,0.02292,0.01478,0.01024,999999.0
87800,0.02035,0.00011,0.03247,0.00018,0.01608,0.01093,0.00604,999999.0
88000,0.01888,0.0001,0.03356,0.00019,0.01497,0.01011,0.00548,999999.0
88200,0.01735,0.0001,0.03344,0.00018,0.0136,0.00944,0.00519,999999.0
88400,0.02728,0.00015,0.03188,0.00018,0.02086,0.0154,0.00847,999999.0
88600,0.02685,0.00015,0.03316,0.00018,0.02051,0.0148,0.00902,999999.0
88800,0.03145,0.00017,0.03207,0.00018,0.02504,0.01651,0.00948,999999.0
89000,0.03686,0.0002,0.03224,0.00018,0.02919,0.01947,0.01129,999999.0
89200,0.02161,0.00012,0.03197,0.00018,0.01697,0.01142,0.00697,999999.0
89400,0.02441,0.00013,0.03258,0.00018,0.01922,0.01276,0.00797,999999.0
89600,0.02972,0.00016,0.03275,0.00018,0.02375,0.01514,0.00947,999999.0
89800,0.01913,0.00011,0.03251,0.00018,0.01485,0.01024,0.00637,999999.0
90000,0.02169,0.00012,0.0325,0.00018,0.01653,0.01215,0.00702,999999.0
90200,0.02623,0.00014,0.03276,0.00018,0.02011,0.01438,0.00874,999999.0
90400,0.02399,0.00013,0.03361,0.00019,0.01848,0.01333,0.0075,999999.0
90600,0.03475,0.00019,0.03297,0.00018,0.0267,0.01904,0.01149,999999.0
90800,0.02935,0.00016,0.0328,0.00018,0.02249,0.01617,0.0097,999999.0
91000,0.02334,0.00013,0.0334,0.00018,0.01791,0.01282,0.00771,999999.0
91200,0.03105,0.00017,0.03169,0.00018,0.02494,0.01605,0.00919,999999.0
91400,0.02318,0.00013,0.03231,0.00018,0.01749,0.0133,0.00738,999999.0
91600,0.02,0.00011,0.0323,0.00018,0.01603,0.01044,0.00585,999999.0
91800,0.01975,0.00011,0.03202,0.00018,0.01528,0.01082,0.00631,999999.0
92000,0.03062,0.00017,0.03289,0.00018,0.02304,0.01711,0.01068,999999.0
92200,0.02947,0.00016,0.03238,0.00018,0.0226,0.01683,0.00864,999999.0
92400,0.02294,0.00013,0.03309,0.00018,0.01774,0.0128,0.00691,999999.0
92600,0.02402,0.00013,0.03285,0.00018,0.01852,0.01303,0.00801,999999.0
92800,0.02496,0.00014,0.03283,0.00018,0.01946,0.01359,0.00774,999999.0
93000,0.02343,0.00013,0.03273,0.00018,0.0176,0.01313,0.00817,999999.0
93200,0.02505,0.00014,0.03223,0.00018,0.01997,0.01329,0.00721,999999.0
93400,0.02194,0.00012,0.03209,0.00018,0.01703,0.01145,0.00779,999999.0
93600,0.02545,0.00014,0.03419,0.00019,0.01956,0.01377,0.00868,999999.0
93800,0.01796,0.0001,0.03238,0.00018,0.0141,0.00969,0.00547,999999.0
94000,0.03058,0.00017,0.03214,0.00018,0.02426,0.01604,0.00943,999999.0
94200,0.02975,0.00016,0.03324,0.00018,0.02269,0.01672,0.00954,999999.0
94400,0.0294,0.00016,0.03238,0.00018,0.02361,0.01452,0.0098,999999.0
94600,0.02526,0.00014,0.03279,0.00018,0.01966,0.01335,0.00855,999999.0
94800,0.01965,0.00011,0.03307,0.00018,0.01547,0.01076,0.00558,999999.0
95000,0.01969,0.00011,0.03338,0.00018,0.01495,0.01126,0.0061,999999.0
95200,0.02188,0.00012,0.03383,0.00019,0.01753,0.01077,0.00746,999999.0
95400,0.03595,0.0002,0.03354,0.00019,0.028,0.01995,0.01051,999999.0
95600,0.03199,0.00018,0.03366,0.00019,0.02522,0.0171,0.00976,999999.0
95800,0.02613,0.00014,0.03365,0.00019,0.02083,0.01366,0.0079,999999.0
96000,0.02864,0.00016,0.03241,0.00018,0.02238,0.01581,0.00834,999999.0
96200,0.02308,0.00013,0.03311,0.00018,0.01808,0.01199,0.00787,999999.0
96400,0.02609,0.00014,0.03286,0.00018,0.02045,0.01412,0.00793,999999.0
96600,0.02682,0.00015,0.03307,0.00018,0.02084,0.01504,0.00767,999999.0
96800,0.02271,0.00013,0.0331,0.00018,0.01808,0.01133,0.00777,999999.0
97000,0.02694,0.00015,0.03279,0.00018,0.02106,0.01465,0.00824,999999.0
97200,0.01836,0.0001,0.03278,0.00018,0.01442,0.00955,0.00615,999999.0
97400,0.01845,0.0001,0.03294,0.00018,0.01428,0.01002,0.00599,999999.0
97600,0.017,9e-05,0.03218,0.00018,0.01305,0.00933,0.00563,999999.0
97800,0.02503,0.00014,0.03337,0.00018,0.02022,0.01248,0.00788,999999.0
98000,0.02635,0.00015,0.03288,0.00018,0.0209,0.01388,0.00805,999999.0
98200,0.02387,0.00013,0.03211,0.00018,0.01844,0.01338,0.0071,999999.0
98400,0.02597,0.00014,0.0328,0.00018,0.01966,0.01483,0.00826,999999.0
98600,0.02202,0.00012,0.03214,0.00018,0.01736,0.01178,0.00671,999999.0
98800,0.033,0.00018,0.032,0.00018,0.02575,0.01714,0.01152,999999.0
99000,0.02409,0.00013,0.03297,0.00018,0.01924,0.01241,0.0075,999999.0
99200,0.02745,0.00015,0.03231,0.00018,0.02087,0.01459,0.01024,999999.0
99400,0.0187,0.0001,0.0322,0.00018,0.01468,0.00988,0.00605,999999.0
99600,0.02673,0.00015,0.03279,0.00018,0.02089,0.01429,0.00861,999999.0
99800,0.02189,0.00012,0.03318,0.00018,0.01738,0.01143,0.00682,999999.0
100000,0.02441,0.00013,0.03295,0.00018,0.01898,0.01331,0.00762,999999.0
